target,model_spec,data_version,model_name,n_train,n_test,rmse,mae,r2,exporter_FE,importer_FE,contig,comlang_off,comlang_ethno,log_gdp_o,log_gdp_d,log_distw,disorder_Demonstrations,disorder_Political violence,disorder_Political violence; Demonstrations,disorder_Strategic developments,event_Battles,event_Explosions/Remote violence,event_Protests,event_Riots,event_Strategic developments,event_Violence against civilians,perpetrator_Civilians,perpetrator_External/Other forces,perpetrator_Identity militia,perpetrator_Political militia,perpetrator_Protesters,perpetrator_Rebel group,perpetrator_Rioters,perpetrator_State forces,target_Civilians,target_External/Other forces,target_Identity militia,target_Political militia,target_Protesters,target_Rebel group,target_Rioters,target_State forces
tradeflow_baci,RF basic,lag0,RandomForest_tradeflow_baci,3640,910,2.1969234699638394,1.5707153376721754,0.48236444266050016,1.0825656624986466,0.5285056627256377,0.3804110992038566,0.10057214821250529,0.062156051780437885,0.7346613360759036,0.4353649468565382,0.5444576907836274,,,,,,,,,,,,,,,,,,,,,,,,,,
tradeflow_baci,RF full,lag0,RandomForest_tradeflow_baci,3640,910,2.347837909776248,1.7718221272556067,0.40880539026556406,0.5906058946141746,0.4119161509340978,0.3599775106497096,0.07959070571625103,0.029338673634806935,0.5504997108091838,0.38088317542645783,0.5177760600922029,0.08365424972406632,0.040316828733368684,0.010030499306570476,0.02859918034779883,0.05014945970964223,0.01823149138160111,0.05498979870474672,0.0486678508119306,0.023109159863245576,0.03856787590539285,0.00044673327037338204,0.02821751146852231,0.12026872885354765,0.06672550868075666,0.0514471682778462,0.025129557223959362,0.041315544398397276,0.0441538348798147,0.03281356046798098,0.024854912839709545,0.051437770459417644,0.02732198626394697,0.020011073137134038,0.021320507671125657,0.02074912066401582,0.0314369475160232
tradeflow_baci,MLP basic,lag0,MLP_tradeflow_baci,3640,910,2.1794839386429676,1.6349067317737656,0.4905499725380611,1.352158674525605,0.6232996500466217,0.38825202114039775,0.07162775336597887,0.1111726347931451,0.38956910821478136,0.8268301277848659,0.39755587900955086,,,,,,,,,,,,,,,,,,,,,,,,,,
tradeflow_baci,MLP full,lag0,MLP_tradeflow_baci,3640,910,12.63247503299985,5.371200332441091,-16.11477292202991,1.3345178550050958,0.9271528433995019,0.2862672430161284,0.38411440316167483,0.13950536072272404,0.3918894381860678,1.2152296003481982,0.381712405928879,0.0229632477764624,0.01528097608958887,0.07428361243986403,0.02449734203929101,0.04159497092499571,0.05934916225044188,0.10236306025784724,0.4813270684228174,0.0916949425665375,0.3565199597346686,0.003521311855141929,0.024644423485195792,0.09269949148524238,0.03400025820605143,0.022603330766232638,0.1154276248290295,0.17641908100672576,0.06915530166810846,0.030780461896741464,0.12170712521941533,0.04758672807441111,0.13083425775703458,0.039504928685164996,0.047562790628982804,0.06700253125322035,0.14867593337813742
tradeflow_baci,XGB basic,lag0,XGBoost_tradeflow_baci,3640,910,2.248696124591908,1.629405909482402,0.4576797925330913,1.1000466,0.48996437,0.41711366,0.058545556,0.026004603,0.8640532,0.5674534,0.63089544,,,,,,,,,,,,,,,,,,,,,,,,,,
tradeflow_baci,XGB full,lag0,XGBoost_tradeflow_baci,3640,910,2.3778108685004953,1.74401574110632,0.39361442745670727,0.74835795,0.5026265,0.4014124,0.058334343,0.023343883,0.9764292,0.5447524,0.6206511,0.06408133,0.055403486,0.0132161,0.034522418,0.05221999,0.02726426,0.047266304,0.043777935,0.0113256,0.04372717,0.0004813217,0.022466943,0.038238022,0.078285605,0.030691402,0.037447818,0.024549231,0.06975314,0.04290983,0.03655358,0.027504481,0.064246655,0.008677454,0.016945057,0.03125715,0.044453338
tradeflow_comtrade_o,RF basic,lag0,RandomForest_tradeflow_comtrade_o,3640,910,1.9274115806045566,1.3952320006000458,0.47443790213118586,1.081209488774185,0.3865783426255016,0.3985036825583303,0.09060126993073386,0.04946369303781195,0.6412958518839729,0.47797264112930804,0.5005014212324125,,,,,,,,,,,,,,,,,,,,,,,,,,
tradeflow_comtrade_o,RF full,lag0,RandomForest_tradeflow_comtrade_o,3640,910,2.10162738290778,1.6094738669845696,0.37513450128983883,0.595355158559791,0.26028811849499905,0.37665022469104287,0.0444530328281404,0.0298750449821933,0.4252161286033871,0.4514630116790537,0.4477654436738082,0.06176695250849021,0.08758406701838405,0.018790540052670338,0.021049892217455624,0.05692165324773686,0.02127365022943414,0.08718278443897677,0.053209248343179,0.02096436897445534,0.051947069705544156,0.0013626181656173843,0.0146144497072394,0.059996729101336535,0.08778111760122657,0.07270209898260596,0.02205328383316557,0.06758083269293258,0.02748367667371777,0.03963659397911242,0.008581984261504246,0.03947284618636259,0.025282347038504908,0.02488565845844944,0.017970391418175427,0.01995328324390897,0.03507901415994977
tradeflow_comtrade_o,MLP basic,lag0,MLP_tradeflow_comtrade_o,3640,910,2.001793119483314,1.3975732315846348,0.43309081459612253,2.241802434310602,0.4729952510289044,0.3728609304699415,0.04860449026604453,0.04357694961725281,0.8542764740965195,0.5426027296142316,0.3789287185971294,,,,,,,,,,,,,,,,,,,,,,,,,,
tradeflow_comtrade_o,MLP full,lag0,MLP_tradeflow_comtrade_o,3640,910,10.883838024190176,4.52925496952788,-15.758658421757278,2.3275705302042593,0.44589685707186216,0.24133374490570159,0.07068422519389195,0.022734256746900924,0.9544069066642936,0.4881640267747589,0.4252702479618518,0.09352036178823879,0.009908732410656575,0.04451096468879876,0.005535928528274886,0.025346040928975584,0.05567796908313837,0.0007436083006696078,0.09200421478115474,0.015164829095518428,0.22607463107450573,0.003382730269347187,0.01816159358683779,0.012369149306027902,0.051845415536328626,0.0026985547102685086,0.02052672522013842,0.2894682928781346,0.1965187747054352,0.1219931724460609,0.045002834401436716,0.01740243822935439,0.020488660812050957,0.030104782806434603,0.2690980134511543,0.04521675851690039,0.12355172753448594
tradeflow_comtrade_o,XGB basic,lag0,XGBoost_tradeflow_comtrade_o,3640,910,1.9344408713304964,1.4163469417326804,0.47059745056800184,1.1817156,0.22783117,0.40132627,0.08053067,0.030084332,0.77875936,0.6588386,0.55740553,,,,,,,,,,,,,,,,,,,,,,,,,,
tradeflow_comtrade_o,XGB full,lag0,XGBoost_tradeflow_comtrade_o,3640,910,2.12434405605774,1.5439671882546238,0.3615530432448212,0.8619643,0.24710253,0.41379368,0.07149641,0.02475908,0.79269725,0.6082367,0.5255255,0.060545627,0.09586512,0.03434796,0.038690522,0.06494036,0.045246348,0.042555258,0.04307002,0.007946613,0.067730196,0.00022004919,0.030976782,0.028595738,0.07944926,0.04271039,0.025755553,0.04134899,0.049897473,0.060781304,0.0102742,0.028865162,0.017617337,0.019545443,0.022783265,0.062054448,0.07262119
tradeflow_comtrade_d,RF basic,lag0,RandomForest_tradeflow_comtrade_d,3640,910,2.1494108354822576,1.5169496738436983,0.4019364187529416,1.2470115438504554,0.8383884361921399,0.19855525283388056,0.056822114654699385,0.061645007809596655,0.8039976528915302,0.24093633287747507,0.3331324558834127,,,,,,,,,,,,,,,,,,,,,,,,,,
tradeflow_comtrade_d,RF full,lag0,RandomForest_tradeflow_comtrade_d,3640,910,2.273793743388377,1.7159306192668482,0.330715721412176,0.638055251026123,0.6816892605355341,0.17767138004274863,0.04133360651104566,0.039828112160243116,0.620523401478706,0.13264176663012908,0.28384523369049813,0.10952461704410821,0.04953035464528688,0.013294702094807,0.025769107458194416,0.0366108696965691,0.014523857413121274,0.0909985106576639,0.06440008246469298,0.03234807875837399,0.03308525611991328,0.00015880425416561924,0.03274033329791163,0.12747031893090102,0.07326473220938606,0.07837682358233858,0.029424516417015028,0.039590585326712946,0.03636695303616257,0.029544796936880235,0.020092922431045438,0.04906440632666049,0.024860198720407588,0.04781799787596504,0.01855393155416602,0.0315979139773803,0.03261253114312907
tradeflow_comtrade_d,MLP basic,lag0,MLP_tradeflow_comtrade_d,3640,910,2.170585651937616,1.4938292420659334,0.39009478737827485,1.287662377604525,1.6156707667760017,0.19358994979103386,0.09898972216422942,0.07791841701052772,0.37154922433058285,1.185635758241828,0.3070121460951037,,,,,,,,,,,,,,,,,,,,,,,,,,
tradeflow_comtrade_d,MLP full,lag0,MLP_tradeflow_comtrade_d,3640,910,8.516307696155103,4.441627096671124,-8.388823562321528,1.5123167565337106,1.7811347950620406,0.11002663984128289,0.13234098491760007,0.07923634260379966,0.3245635680947865,1.1612271136260814,0.22969540088674903,0.12298721567265981,0.022865130653234995,0.07900948403682234,0.024232659082540315,0.1460276671582182,0.024715864724655198,0.06578913303804505,0.23178371548304214,0.03364744625283498,0.02514229573823254,0.0026153359288609256,0.04161586688637801,0.04848273766689559,0.026125666244943446,0.10131584523215435,0.028010111717030713,0.039304136187774154,0.04460298330372538,0.011050262604964433,0.07048515921293746,0.06153801803024105,0.166929644331063,0.024107920226649475,0.010787245630817245,0.04225049783023084,0.15414151229891074
tradeflow_comtrade_d,XGB basic,lag0,XGBoost_tradeflow_comtrade_d,3640,910,2.1372177782891666,1.5176913615130476,0.408702496110684,1.1646347,0.9450819,0.19275665,0.058566704,0.03890601,1.0277154,0.37674093,0.41001728,,,,,,,,,,,,,,,,,,,,,,,,,,
tradeflow_comtrade_d,XGB full,lag0,XGBoost_tradeflow_comtrade_d,3640,910,2.174933294766097,1.5438679848383952,0.3876490828060891,0.8271523,0.9355093,0.22060145,0.05426912,0.036495786,1.1439941,0.3153438,0.36870718,0.07761602,0.05424784,0.015413769,0.03828381,0.038319428,0.01575658,0.04068621,0.031569377,0.007544332,0.03230987,0.0,0.026184069,0.038904298,0.03525839,0.025627214,0.022159554,0.021050416,0.04753641,0.040147286,0.0146563705,0.018187717,0.032874808,0.011173509,0.014888346,0.033444922,0.06139211
tradeflow_imf_o,RF basic,lag0,RandomForest_tradeflow_imf_o,3640,910,2.0793985378150746,1.4720897539616238,0.5061642167243032,1.2756389254332732,0.4000914550137137,0.3385494645674741,0.12688030776734505,0.07629448033654992,0.7642313115615955,0.4478983360679269,0.4360981691255738,,,,,,,,,,,,,,,,,,,,,,,,,,
tradeflow_imf_o,RF full,lag0,RandomForest_tradeflow_imf_o,3640,910,2.3007572656650583,1.7361428779483201,0.3954270784223667,0.6602464753645846,0.308253114733978,0.29508274602200435,0.08400917830042261,0.039752411804123006,0.5277675339574588,0.361749071295037,0.3674960280173687,0.09473012604466971,0.05887955252694635,0.02178603891401014,0.022028840091628855,0.05459430174646667,0.015647798856553343,0.08442847508202977,0.06073271006085001,0.026789289965325674,0.04347813746162269,0.0003832667747986739,0.01298892916088605,0.13256654819775826,0.09247955450579151,0.10496560377000934,0.02498595560173044,0.06086322352243226,0.031322836324305686,0.058047343220370445,0.009432264041569112,0.06827455099965707,0.03102356998408093,0.022766821623754367,0.021320828934003277,0.025748260238514918,0.03196466185049949
tradeflow_imf_o,MLP basic,lag0,MLP_tradeflow_imf_o,3640,910,2.276042633848405,1.5838991402698832,0.40834590764952006,1.9412383188974278,0.708953022868249,0.3662339030688396,0.14688999427957414,0.05760257126656475,1.329761817515461,0.29145756037338155,0.3640244648756346,,,,,,,,,,,,,,,,,,,,,,,,,,
tradeflow_imf_o,MLP full,lag0,MLP_tradeflow_imf_o,3640,910,18.89877704542622,6.336361800969077,-39.79195221876325,1.6889338004311871,0.5676865720987513,0.24015406596288716,0.34777948933351543,0.21334415590862957,1.2705585983063667,0.6379457403466344,0.3687816912130856,0.039867879749676004,0.10863291475324927,0.05615839847612689,0.07318919534979565,0.03127619745610063,0.012738206567174786,0.12566181172125004,0.4397671049235224,0.016215467978264477,0.11473069209983443,0.01113348748199342,0.037807952665003156,0.17043907459371915,0.04551864321587885,0.006667117153224017,0.012597416388452933,0.2278168636856651,0.07511171232677108,0.11190354840587512,0.0454459398563834,0.04888234715865379,0.02957255998210794,0.0392930276020136,0.22518372151208127,0.08355437990300554,0.22733085940401923
tradeflow_imf_o,XGB basic,lag0,XGBoost_tradeflow_imf_o,3640,910,2.1125657340218797,1.5298484442984548,0.4902848411885913,1.3119253,0.34963536,0.28529307,0.10294916,0.03304948,0.94715464,0.56804764,0.5534964,,,,,,,,,,,,,,,,,,,,,,,,,,
tradeflow_imf_o,XGB full,lag0,XGBoost_tradeflow_imf_o,3640,910,2.244467251910923,1.6674065349385843,0.4246479915138759,0.96585613,0.32323483,0.3153543,0.090973996,0.02837522,1.0264934,0.51432914,0.5485429,0.06546641,0.07659295,0.01361866,0.027757961,0.03486992,0.013639882,0.04106264,0.032483246,0.00792596,0.062500216,0.0014591095,0.017705463,0.036803063,0.09286179,0.045386426,0.042588927,0.030314133,0.047497276,0.05439451,0.014115759,0.034468032,0.043620676,0.007053793,0.043161172,0.0343311,0.04820901
tradeflow_imf_d,RF basic,lag0,RandomForest_tradeflow_imf_d,3640,910,2.22930980490639,1.5385827564443253,0.4185536465070676,1.163037641745088,0.886955706235233,0.18398831710934008,0.07514763203142803,0.0720852103041627,0.7766050662742556,0.3205192088865659,0.389563790527294,,,,,,,,,,,,,,,,,,,,,,,,,,
tradeflow_imf_d,RF full,lag0,RandomForest_tradeflow_imf_d,3640,910,2.40352386706183,1.8649567123955482,0.32412609802808334,0.5797304864357936,0.728308726035584,0.14799426803931473,0.04761898061690801,0.04674837360102275,0.5674073790824806,0.22954208961145497,0.33877989041988715,0.09801537156401292,0.05155981268773051,0.013354808036130376,0.02052865442154975,0.03583196321878757,0.021610224855017894,0.10230365174896432,0.04578158826643296,0.023764480362386344,0.038379682930925973,5.972274613421875e-05,0.03928498927352459,0.15563574997814705,0.06621139702032529,0.06643500924380961,0.027273460564589357,0.04035474977236826,0.034655745067156164,0.037277751094056545,0.018497143834463572,0.02789750509340639,0.027414113903656365,0.04050056491419048,0.015293105103943978,0.03883984142684083,0.03201377834693263
tradeflow_imf_d,MLP basic,lag0,MLP_tradeflow_imf_d,3640,910,2.2833718636331914,1.5640085060634896,0.39001087915186217,1.9265884068514856,1.7653922439588976,0.14351190018461354,0.1174625848513565,0.05662840132047435,0.32007344824585526,1.4332204604798893,0.26819906656320586,,,,,,,,,,,,,,,,,,,,,,,,,,
tradeflow_imf_d,MLP full,lag0,MLP_tradeflow_imf_d,3640,910,7.502830409502567,4.009339819208205,-5.585959548041661,2.0792411090672953,1.7066525869883824,0.07783633690547594,0.12719293059489062,0.08463898953006013,0.4588571665237029,1.4766497756001802,0.23440116962477095,0.012711088290129343,0.09207230200607067,0.031170670588070687,0.10346004196337712,0.023839408980710547,0.04504340850868534,0.05565016695802811,0.29458424190706856,0.014338502974423843,0.16451347934246432,0.0067031009900552305,0.024240100387231872,0.05081960254602528,0.07023552352254735,0.04928123033547401,0.020072094925575993,0.05252266153154449,0.04118776564077362,0.09092784924457886,0.0846392655515335,0.09958332285764349,0.033970883661293194,0.036335022302261946,0.01498109768994931,0.09294474591938573,0.0600635070669217
tradeflow_imf_d,XGB basic,lag0,XGBoost_tradeflow_imf_d,3640,910,2.222523044160937,1.567867674455584,0.4220884899831988,1.1584698,0.98968345,0.1752483,0.05881279,0.046922404,0.92701364,0.46477512,0.5322473,,,,,,,,,,,,,,,,,,,,,,,,,,
tradeflow_imf_d,XGB full,lag0,XGBoost_tradeflow_imf_d,3640,910,2.316263965303716,1.6941301186863367,0.3723104469380756,0.8329953,0.98367184,0.1744056,0.05708295,0.045685586,1.0403632,0.38643017,0.52328235,0.04309252,0.051287826,0.01723909,0.03316457,0.05086691,0.02081408,0.046388164,0.031450603,0.006139465,0.029618133,0.0,0.028176822,0.059047394,0.040715046,0.031538274,0.020502824,0.025751296,0.042135917,0.045902707,0.028861545,0.01112132,0.041121352,0.011169326,0.011459849,0.053721767,0.04911288
combined_trade_baci,RF basic,lag0,RandomForest_combined_trade_baci,3640,910,1.566150415757384,1.0985384166208771,0.5830097264752527,0.6337287984949422,0.6249684587200618,0.3643109393831905,0.0713252826335874,0.04493897265571488,0.5887907011180934,0.5843311115564657,0.47962353902901955,,,,,,,,,,,,,,,,,,,,,,,,,,
combined_trade_baci,RF full,lag0,RandomForest_combined_trade_baci,3640,910,1.7065301952658027,1.229940312494537,0.5049068256715918,0.3419395853434096,0.5097247971078879,0.34697700442446605,0.04086512848199729,0.03207224223890758,0.4428625773799724,0.5682200108631515,0.43999889112617346,0.06458997755139455,0.03438984570679472,0.009175426367769244,0.012522966641406915,0.02982302057329281,0.01937771023480853,0.0490412973544494,0.025019106379267044,0.012231533147213156,0.02296291465104001,8.758355223290526e-05,0.012357073335626561,0.07408196524947779,0.03654964984910154,0.04310672138006412,0.014512260624483157,0.02387483207667261,0.02997141970855316,0.024579306061233614,0.011004094798168123,0.0332399249652619,0.01562112531814339,0.008401646476285189,0.012449356762272625,0.01490618850212978,0.020357043159321794
combined_trade_baci,MLP basic,lag0,MLP_combined_trade_baci,3640,910,1.5753742650959353,1.1754540688974764,0.5780835307682224,0.7506385638508244,0.9885490268554117,0.3214179787306645,0.051351046870240946,0.1472893638678075,0.6707252289062479,0.5521727304001105,0.4165735142949664,,,,,,,,,,,,,,,,,,,,,,,,,,
combined_trade_baci,MLP full,lag0,MLP_combined_trade_baci,3640,910,15.108004033569667,6.194718405509345,-37.80370274141536,0.9017922427912359,0.891833879478674,0.2552572941691802,0.07496917472490672,0.043220658831984234,0.406571007276354,0.7786061642275526,0.34575981329423094,0.0008913386675477161,0.03857140151305889,0.024147890294351094,0.021700824879347536,0.08653658859010345,0.038413194694400105,0.007399849753006176,0.2073789121775802,0.09280567036845676,0.2060671849945771,0.0073610796464755,0.027189008680478053,0.058980403096454255,0.018311002880217232,0.002569337783972574,0.03629709502269185,0.04135276463226282,0.030629354261627634,0.025713471125391244,0.04862661554710433,0.025872090677095907,0.06927575897565938,0.06167067700411115,0.07554780575844267,0.07049421630908301,0.10787465991173903
combined_trade_baci,XGB basic,lag0,XGBoost_combined_trade_baci,3640,910,1.6478241576750619,1.1621881262517542,0.538384146358327,0.54952043,0.48630977,0.31492662,0.049673047,0.028028738,0.6967194,0.76440674,0.5915647,,,,,,,,,,,,,,,,,,,,,,,,,,
combined_trade_baci,XGB full,lag0,XGBoost_combined_trade_baci,3640,910,1.695624611528989,1.2051188384197948,0.5112143941300429,0.40493345,0.5036332,0.29881838,0.057395343,0.027114404,0.76266617,0.7588816,0.5880678,0.04306725,0.038882483,0.011929346,0.030819807,0.034331806,0.012216576,0.030102529,0.029438658,0.005625147,0.019813625,0.0,0.011337355,0.02004133,0.03518019,0.017549025,0.02032264,0.021331623,0.04456296,0.03424381,0.014480064,0.0178086,0.02444274,0.011358503,0.014819554,0.022370454,0.024188288
tradeflow_baci,RF basic,lag1,RandomForest_tradeflow_baci,3458,910,2.2045495667231205,1.5773285702080007,0.4787985710907511,1.136309953138615,0.5353838955287709,0.40111201795135215,0.10276073683297256,0.062128079641211094,0.7438617831005185,0.47113948227072705,0.5637283222687771,,,,,,,,,,,,,,,,,,,,,,,,,,
tradeflow_baci,RF full,lag1,RandomForest_tradeflow_baci,3458,910,2.258328900906411,1.7117002377279442,0.4530592941058813,0.6496143402303919,0.38823502935663395,0.37783422544773165,0.0609042894404836,0.03718314563499331,0.5430945821733073,0.4196730275207521,0.5264576010041818,0.08746383379245981,0.04184711588436158,0.013220310825474743,0.028972909154197164,0.046421657027956434,0.027166214706320278,0.05107795076501402,0.06931700713585784,0.02777516961738622,0.032334132508019545,0.00039463362791521226,0.03556220027572361,0.08423695997985699,0.0727606125027527,0.04414455966106391,0.024237415383746845,0.05065362008567693,0.029150489009250286,0.033182324359448935,0.014507577545646721,0.06291813002239802,0.022652734456251905,0.026040233875418303,0.021861784874540206,0.019661253204621237,0.03308913428355546
tradeflow_baci,MLP basic,lag1,MLP_tradeflow_baci,3458,910,2.229978374058184,1.6647988124483397,0.4667054264063455,1.6229256831603538,0.705645013514234,0.4116050599720396,0.08462473455638554,0.0663499465353992,0.30543250806283173,1.0297991187369095,0.3833394632387081,,,,,,,,,,,,,,,,,,,,,,,,,,
tradeflow_baci,MLP full,lag1,MLP_tradeflow_baci,3458,910,5.501382641206699,3.4901024145729234,-2.245708908063993,1.57740496424589,0.9873046630028163,0.08969374486201112,0.06143446732985818,0.132919434475452,0.48000223860205576,1.1777325488568422,0.4941258616939023,0.013586624332448461,0.0062103675890643716,0.023785553602481593,0.07260911715670401,0.0375684939694056,0.02882540704219268,0.020384940604615424,0.26501565779248965,0.015147070224330995,0.07055320457912184,0.0033537369926833586,0.03271739258571653,0.14712777928788576,0.0849971027281815,0.039585919249214195,0.06862341087595988,0.24842123409984304,0.03883640209040729,0.2605066192002942,0.033782145266657154,0.1049193665653976,0.0883778393010559,0.03159724271981214,0.02642612703680807,0.09771589841760459,0.07636487151610884
tradeflow_baci,XGB basic,lag1,XGBoost_tradeflow_baci,3458,910,2.233739588051149,1.629359236468343,0.46490493666512744,1.1185768,0.48195484,0.36326793,0.052430462,0.030041322,0.8888307,0.5916091,0.6965822,,,,,,,,,,,,,,,,,,,,,,,,,,
tradeflow_baci,XGB full,lag1,XGBoost_tradeflow_baci,3458,910,2.2678820271384956,1.6803308901521545,0.44842219724973265,0.79250526,0.46997744,0.37427375,0.05448947,0.027917268,1.0035721,0.54356873,0.66438353,0.064518616,0.049227897,0.009029303,0.069217354,0.049654536,0.046726026,0.044201963,0.042965345,0.008185423,0.049334075,0.000112650436,0.03945428,0.022992855,0.047911115,0.031117141,0.026540989,0.035573896,0.050646596,0.03561029,0.014362097,0.03724276,0.025834458,0.009245756,0.014510563,0.01549969,0.049616948
tradeflow_comtrade_o,RF basic,lag1,RandomForest_tradeflow_comtrade_o,3458,910,1.9362263143642495,1.3984214242789665,0.4692700009946994,1.0649329559843586,0.36699327356256595,0.40231779568675197,0.08176444019911142,0.055535010385308115,0.6452766265246687,0.5033931942209048,0.5032837085508196,,,,,,,,,,,,,,,,,,,,,,,,,,
tradeflow_comtrade_o,RF full,lag1,RandomForest_tradeflow_comtrade_o,3458,910,2.0688690098080564,1.5418584060167901,0.3940631168813693,0.6173136055204747,0.2659225320922009,0.3478519163667941,0.046069048882908185,0.029503001307879945,0.4159562757586512,0.4591503396290609,0.48498331268602685,0.07140469695111269,0.09884275108916825,0.03392647220198565,0.020751165989353487,0.08724263059452045,0.019247957763438916,0.06718609839627478,0.05184986878576083,0.027299559685842564,0.05715187809275281,0.00026789975615808227,0.013193083491963135,0.04601216160269856,0.08320168587941716,0.06610571788170208,0.021484583435383654,0.05074310059049182,0.030096621342860674,0.03921462941528955,0.01121648073881902,0.03186044896308626,0.02313829908652885,0.022292930742627254,0.020895134788983655,0.027059783295917187,0.02570626786747135
tradeflow_comtrade_o,MLP basic,lag1,MLP_tradeflow_comtrade_o,3458,910,1.979022992063738,1.4058206295614106,0.44554911656765883,2.3219095927166715,0.5965520212745292,0.34906908388067803,0.10201520813735603,0.03786864024202117,0.9020385853226183,0.44466792786371234,0.4092929366403858,,,,,,,,,,,,,,,,,,,,,,,,,,
tradeflow_comtrade_o,MLP full,lag1,MLP_tradeflow_comtrade_o,3458,910,7.239403983322327,4.1694750931194395,-6.4193699200881005,1.8573256489278145,0.5651406874310861,0.2434868066284462,0.06039500527526458,0.04169817726694286,0.9683047222499003,0.43342778778913527,0.43649990361890106,0.3646128900643863,0.04668800687529931,0.0919489813387228,0.08884333363501593,0.06159666384020508,0.03285467340984317,0.10395808644702288,0.03824168103968213,0.008382278767680319,0.005806810403978161,0.006345464338787694,0.07630331992643823,0.022616120333986578,0.021156256903544477,0.011178845736794764,0.012644488605723436,0.2617570570512043,0.03597654830041212,0.11285081102036522,0.03269478836863598,0.037710706094244144,0.05880884908022981,0.11609844249673948,0.17789939462298474,0.09150390199678317,0.09141254278250506
tradeflow_comtrade_o,XGB basic,lag1,XGBoost_tradeflow_comtrade_o,3458,910,1.9636261980629088,1.4223155892259245,0.45414280957731756,1.2124487,0.26061592,0.39666626,0.08017503,0.02346484,0.7838461,0.65531826,0.53033644,,,,,,,,,,,,,,,,,,,,,,,,,,
tradeflow_comtrade_o,XGB full,lag1,XGBoost_tradeflow_comtrade_o,3458,910,1.969661528269112,1.4343206787532758,0.4507821992833173,0.87381274,0.24791786,0.40399992,0.07539808,0.018375818,0.73753726,0.6068933,0.53693366,0.05806721,0.10214584,0.060317285,0.061612733,0.059579875,0.014172965,0.049274955,0.049429506,0.013426753,0.04243709,0.0,0.037541665,0.026396286,0.08971019,0.025944507,0.02829212,0.05004057,0.058143783,0.031238101,0.010954748,0.029218147,0.028960412,0.00927725,0.014139344,0.04358632,0.041297477
tradeflow_comtrade_d,RF basic,lag1,RandomForest_tradeflow_comtrade_d,3458,910,2.1641787889614257,1.5104030077589585,0.393451162280941,1.2193424402304371,0.8495727691705937,0.19480315703426654,0.0600556123042856,0.06530419292020538,0.7844858193384179,0.24051959763047293,0.3425494480288013,,,,,,,,,,,,,,,,,,,,,,,,,,
tradeflow_comtrade_d,RF full,lag1,RandomForest_tradeflow_comtrade_d,3458,910,2.2050351994263373,1.6613058158487761,0.37033354732748647,0.6496743694556295,0.6901528410424259,0.16571752913722704,0.038741035585175214,0.046292133950583764,0.6297269218693332,0.1319847940924885,0.3032470191384973,0.09998877826341504,0.03952503241004774,0.00851756694268283,0.02085448636514461,0.03824042422893604,0.02189842535539457,0.060064753480713384,0.06095964801177312,0.02166720856319482,0.04012502612820324,0.0002523408596807544,0.025350424697892903,0.11084170016217679,0.0439794180387859,0.047509569740891426,0.029827745712903413,0.0527611569195521,0.031112978338535702,0.03719492279651132,0.01349037914770028,0.049468392614605075,0.019818798261761562,0.06529764166250883,0.020565093651316972,0.031964066594714964,0.0365668900139821
tradeflow_comtrade_d,MLP basic,lag1,MLP_tradeflow_comtrade_d,3458,910,2.1665189363051245,1.4944169947446746,0.3921387188992077,1.4791239896028996,1.6734105961238015,0.3306209155196564,0.119649045685022,0.0635935500809664,0.2879837838128372,1.0582276429066582,0.20815596373086373,,,,,,,,,,,,,,,,,,,,,,,,,,
tradeflow_comtrade_d,MLP full,lag1,MLP_tradeflow_comtrade_d,3458,910,5.1123302593862,3.1404417536198856,-2.3846775894109014,1.5343644340196152,1.4866183130572415,0.07595424163264103,0.06059451726177721,0.0878181262465456,0.45547228811213836,1.222029279066004,0.2927539639108095,0.029754347069542872,0.12788335010072793,0.03200820131601321,0.04802729594446174,0.01407434860128221,0.10089346342374941,0.10635186277072403,0.31620667390915186,0.04149659748190268,0.2314956039971969,0.015473424577796106,0.0545339100454906,0.08422487037145387,0.056186262272498004,0.02857543558735655,0.06497693202261723,0.08178255000809771,0.05463180503590131,0.05076655551837181,0.050227904040256635,0.06424381110958291,0.10683498895383785,0.05243971014978097,0.19277560104668923,0.027805998878392035,0.06461050011428252
tradeflow_comtrade_d,XGB basic,lag1,XGBoost_tradeflow_comtrade_d,3458,910,2.140088268664336,1.5199824172863705,0.40687958151643844,1.1380583,0.9339662,0.19573392,0.06442871,0.048761807,1.0109669,0.37855187,0.42506006,,,,,,,,,,,,,,,,,,,,,,,,,,
tradeflow_comtrade_d,XGB full,lag1,XGBoost_tradeflow_comtrade_d,3458,910,2.16385798494913,1.5768661213587345,0.3936309707883473,0.82416785,0.9443526,0.21292494,0.05783625,0.044990893,1.1240324,0.3066635,0.38848513,0.04854643,0.049363617,0.009987294,0.030682102,0.038554154,0.02470345,0.028452298,0.03732583,0.008281175,0.055738688,5.976773e-06,0.03976509,0.04200216,0.03599928,0.027657986,0.024386927,0.02942569,0.042031694,0.041547313,0.014617082,0.01510498,0.025830897,0.040148124,0.015158661,0.017151192,0.05743674
tradeflow_imf_o,RF basic,lag1,RandomForest_tradeflow_imf_o,3458,910,2.0889690679684567,1.4794713268661621,0.5014648519102509,1.2832286802656265,0.41370639375164675,0.3393456073057752,0.13066745099867882,0.07420612389071501,0.7376152792532342,0.4219480051861044,0.42807891895383704,,,,,,,,,,,,,,,,,,,,,,,,,,
tradeflow_imf_o,RF full,lag1,RandomForest_tradeflow_imf_o,3458,910,2.163496387767807,1.6029173429490924,0.4652582254394819,0.7187277401300235,0.3177474500017366,0.324479402230375,0.09763786151907779,0.045219136375557696,0.5188611229161453,0.33431426992638974,0.37661483307503507,0.10673185731474015,0.046879800920894,0.02631904491783475,0.021342976644683584,0.05264467667595704,0.014161041672144263,0.08140370176507625,0.06941800709765078,0.021420236151911392,0.046755442994627645,0.00010050911184566345,0.01391677332839491,0.1092136304304848,0.07318714137441006,0.07430071805754726,0.02511082520494525,0.06659665525441352,0.03056178177071271,0.06645297761815083,0.009682606573536486,0.042243678806491235,0.02110526511848681,0.01716044497167448,0.02787331546597952,0.02309773283011464,0.034099963955993906
tradeflow_imf_o,MLP basic,lag1,MLP_tradeflow_imf_o,3458,910,2.3612470638170002,1.6270614515761526,0.3630363837581354,2.0235632020833436,0.9168835187756159,0.3976934128742619,0.21364929269247399,0.0716541466010814,1.306653471436674,0.19494528137078682,0.3085654464528696,,,,,,,,,,,,,,,,,,,,,,,,,,
tradeflow_imf_o,MLP full,lag1,MLP_tradeflow_imf_o,3458,910,6.369086643395205,3.568454419873141,-3.6343206344894696,1.557895780591564,0.6389563901623427,0.17300386138820048,0.17945983713362146,0.07904474517458851,1.2924454563598415,0.3970808979362222,0.196159373940975,0.23829017719648884,0.007881752050656188,0.047380181861678965,0.06641822446960056,0.2306384127709742,0.005987564854099201,0.08608235681789145,0.23443113168695953,0.006364369643444121,0.017690384275823874,0.014538192931109804,0.18498050489462578,0.07824551451463897,0.05133622598002235,0.007754381132565255,0.11669139228444897,0.3120342615653709,0.20582573788359732,0.11879773027166439,0.1949696224305743,0.03289044645562943,0.014586011918883278,0.0331662501630786,0.17453883999494796,0.018453886408006062,0.07802922045874233
tradeflow_imf_o,XGB basic,lag1,XGBoost_tradeflow_imf_o,3458,910,2.122881598233959,1.5247456559890566,0.48514692727282116,1.3303084,0.35055238,0.3113516,0.1285039,0.040992215,0.9349193,0.5624248,0.55771655,,,,,,,,,,,,,,,,,,,,,,,,,,
tradeflow_imf_o,XGB full,lag1,XGBoost_tradeflow_imf_o,3458,910,2.1233575511048204,1.5282933635441582,0.4849160399091199,0.9653519,0.32766888,0.304099,0.09156196,0.028845225,1.0120709,0.49608615,0.5699039,0.1058395,0.052755583,0.035530083,0.024570245,0.042401753,0.020587105,0.040877245,0.05678897,0.0062416196,0.040650632,0.0,0.013092395,0.025118265,0.06860483,0.02468729,0.034843687,0.014555894,0.06873777,0.026945887,0.0141982315,0.013673112,0.016736666,0.012281257,0.025119103,0.013866486,0.032181174
tradeflow_imf_d,RF basic,lag1,RandomForest_tradeflow_imf_d,3458,910,2.231100693417655,1.5406575108752327,0.41763553317043167,1.1682302856928788,0.9346692070126447,0.1864712229001053,0.07942867855418574,0.06439053595060847,0.750565834528077,0.3101524778625717,0.3621326012635173,,,,,,,,,,,,,,,,,,,,,,,,,,
tradeflow_imf_d,RF full,lag1,RandomForest_tradeflow_imf_d,3458,910,2.271392818180629,1.7570475030219699,0.3964114083147521,0.6215580550764899,0.7471135954609136,0.16707015042789944,0.051647945861861735,0.049007678024544185,0.588060301420826,0.22015457129457874,0.3318777928094893,0.08586243437454995,0.04839130247844316,0.00667012215391983,0.02012552190359839,0.03614681786088809,0.02266483386277438,0.0703713370037709,0.04901424834117057,0.01827473454799321,0.03518934807667062,0.0002753848833952958,0.02509932214495383,0.1054162883598805,0.05989013299570796,0.04467781808562934,0.023427864329975012,0.03725496554780369,0.02485174967170277,0.038751876656604255,0.013237897462660245,0.043714755162540926,0.018904404951729854,0.05269536964040259,0.017111631216006985,0.03206398629290898,0.03192978040640654
tradeflow_imf_d,MLP basic,lag1,MLP_tradeflow_imf_d,3458,910,2.3490960250802013,1.612642417090646,0.3544081099742151,1.9098411764836374,1.7178830174292725,0.12452293465011365,0.17238907338839762,0.1202708082390912,0.3077154135360682,1.295802709595711,0.29866095980275703,,,,,,,,,,,,,,,,,,,,,,,,,,
tradeflow_imf_d,MLP full,lag1,MLP_tradeflow_imf_d,3458,910,4.956396686234658,3.1836118996383886,-1.874012429294892,1.8662936443860207,1.779436578853018,0.14054902875967373,0.10646012689465427,0.08433233086052037,0.23538493905447114,1.594059158063674,0.1160322541651465,0.025553411798190855,0.15809257308214836,0.026403883257223627,0.014499161517253244,0.008889554947819279,0.06288493944483631,0.015412992595528002,0.29071611582115653,0.05465502418299085,0.25100497993821197,0.009458565637588496,0.046002023778744114,0.2689950596452235,0.0579628082633607,0.038770755609469756,0.05486870807386211,0.12379557348352295,0.07629699546723276,0.07021016202359345,0.030835596737233954,0.12001267401035845,0.02013239326248715,0.02480091176936968,0.0993461161341745,0.10236244517222899,0.09964526509517563
tradeflow_imf_d,XGB basic,lag1,XGBoost_tradeflow_imf_d,3458,910,2.2328778645934984,1.5701628393114204,0.4167074051448638,1.1779248,1.0091178,0.1692234,0.067457676,0.054592088,0.9160984,0.43389666,0.52206,,,,,,,,,,,,,,,,,,,,,,,,,,
tradeflow_imf_d,XGB full,lag1,XGBoost_tradeflow_imf_d,3458,910,2.2439812191236506,1.6063209128552987,0.4108919440098464,0.86974156,1.0375464,0.16312917,0.06019161,0.047847807,1.0290947,0.3723782,0.5070427,0.063381426,0.054325566,0.012327972,0.032597538,0.036324434,0.03170466,0.034524128,0.03471942,0.0065044374,0.038932562,0.0,0.02651308,0.027228648,0.029109647,0.025528073,0.01557877,0.01758049,0.03502147,0.028048126,0.013502878,0.033635084,0.018859506,0.015079699,0.013194699,0.014288109,0.049984522
combined_trade_baci,RF basic,lag1,RandomForest_combined_trade_baci,3458,910,1.5485743397226088,1.091557995409291,0.5923706731857643,0.649759311078864,0.6607995541190266,0.33168435340664487,0.06451678054163142,0.04582262232680521,0.6186953208490231,0.5910031552282192,0.5238548742332114,,,,,,,,,,,,,,,,,,,,,,,,,,
combined_trade_baci,RF full,lag1,RandomForest_combined_trade_baci,3458,910,1.6278045148725833,1.164259818835509,0.5495923047401896,0.3639141099215425,0.520048963812907,0.3113665632376058,0.040876577316143754,0.032680286500087675,0.45796183168366594,0.6083685663205035,0.475069493684004,0.05707284681614164,0.028723849373834622,0.009761541748201239,0.016859688091431697,0.03743025755029856,0.015224973564882706,0.03636766494036353,0.030546568439840247,0.014174423178249278,0.02327304410705572,6.149366108342675e-05,0.011809585717416835,0.07710113858327607,0.03934587923275149,0.030057237056230146,0.018908524259856122,0.025943590826817565,0.023208622176290404,0.023273763851035287,0.011095316179377578,0.04198072030945653,0.017640450131482667,0.009652109502786716,0.015953345443093552,0.012430758153707446,0.02154002264625142
combined_trade_baci,MLP basic,lag1,MLP_combined_trade_baci,3458,910,1.622258003918931,1.1883323365359875,0.5526564750112977,0.7997354645709788,0.993733840690775,0.3189452504492275,0.06355875908783737,0.1256879131692625,0.7314216100482916,0.5609541842956508,0.4403613082677738,,,,,,,,,,,,,,,,,,,,,,,,,,
combined_trade_baci,MLP full,lag1,MLP_combined_trade_baci,3458,910,7.223003950569435,3.774063392502677,-7.868231247953135,0.8004167061221682,1.0310065437587104,0.27510967817510507,0.18276458188204261,0.08381525495630414,0.5995745320546451,0.7456493145639842,0.4218991555382481,0.005224501338376605,0.025527854948520563,0.01623197154802135,0.03259647559881683,0.03154147777090813,0.02601179368739908,0.016051423124371328,0.18130739563841655,0.06074727233610876,0.10248815219863011,0.013292396013249073,0.008354942663351874,0.002864381997561239,0.0205419152238111,0.008971082735106084,0.050627051882739374,0.07462311687879265,0.031469991887241124,0.05570028261497235,0.0555627662285011,0.03814755166684657,0.011868030910560714,0.02240330003971445,0.05591141962155329,0.053014955987194405,0.04305506245403701
combined_trade_baci,XGB basic,lag1,XGBoost_combined_trade_baci,3458,910,1.6247041746093167,1.1424876702924158,0.5513063770154965,0.57178086,0.50118846,0.31000388,0.056761842,0.03214627,0.6984158,0.79800737,0.6085966,,,,,,,,,,,,,,,,,,,,,,,,,,
combined_trade_baci,XGB full,lag1,XGBoost_combined_trade_baci,3458,910,1.6462980506542004,1.1699045786467197,0.5392999786720911,0.3985497,0.50365776,0.2692497,0.051439416,0.03874917,0.77568984,0.78223354,0.6313695,0.037526585,0.04358913,0.011028898,0.025494326,0.032651488,0.014607548,0.03138016,0.019296804,0.004434064,0.026955608,0.0,0.016486173,0.031827584,0.035040945,0.01833824,0.01708136,0.018852219,0.028031575,0.035025433,0.00804073,0.018842094,0.014925675,0.0060943863,0.013260826,0.017777478,0.031015689
tradeflow_baci,RF basic,lag2,RandomForest_tradeflow_baci,3276,910,2.221828934445933,1.5841567388820679,0.47050592900934585,1.1322106400355365,0.5309790931760154,0.4179310985267071,0.09364528094548097,0.0661347561186445,0.7452572319628451,0.44726900511588397,0.586995196313174,,,,,,,,,,,,,,,,,,,,,,,,,,
tradeflow_baci,RF full,lag2,RandomForest_tradeflow_baci,3276,910,2.3270463152793264,1.7906956442465198,0.41916882351213436,0.6324377367737355,0.4040939562191312,0.38976816582789264,0.08162437772824017,0.03271272093674833,0.5329088383160814,0.3956811980814384,0.5519045195645532,0.08556593608938824,0.03780293379626837,0.009269839735809112,0.032099437335689186,0.05649483682850039,0.014288916986330199,0.04627178107133072,0.053734006011224814,0.029785103972658333,0.0376533028477965,0.0006563263557131365,0.026428222558058278,0.1467960083156707,0.08004114792657678,0.04933180762155747,0.02933733986284616,0.05765443705202979,0.02881750726127486,0.03481755656293589,0.018090192521642855,0.042967729042978416,0.017780977399267754,0.056138696347088936,0.027740884650111437,0.01757476582489668,0.035657819004816155
tradeflow_baci,MLP basic,lag2,MLP_tradeflow_baci,3276,910,2.181782129840956,1.6346806446127113,0.48942137946370057,1.7027830031581006,0.7042081179691507,0.36739134548586644,0.09825547785773504,0.03405253609957843,0.385616280902631,1.0236676296281377,0.4608589254518659,,,,,,,,,,,,,,,,,,,,,,,,,,
tradeflow_baci,MLP full,lag2,MLP_tradeflow_baci,3276,910,5.196364077673093,3.5467940931690194,-1.8962697528597872,1.6912763065105036,1.1382069999266087,0.08614372992235288,0.13630033046831946,0.32634999554762056,0.3341043462311444,1.2647894161057818,0.305040012822182,0.059959401416155474,0.03249416583115823,0.08788187312243823,0.0782998094520541,0.1250072621183853,0.11125569758708222,0.06469746306236446,0.1897163942426529,0.014013871475014855,0.11177817867869942,0.01452801570787552,0.10885312534575031,0.027371088369671094,0.038411154219917906,0.06278993171378555,0.050134211788633504,0.16686671851149737,0.06682530776200991,0.18291804293282754,0.08595683916793462,0.06938114857325216,0.03980448331147681,0.033531307301957455,0.03982451088832143,0.09366211965170013,0.08880398564321565
tradeflow_baci,XGB basic,lag2,XGBoost_tradeflow_baci,3276,910,2.226392127252528,1.6146876154290737,0.46832874544894754,1.1275419,0.4835806,0.3846308,0.051645495,0.030620094,0.9159609,0.59994584,0.69942784,,,,,,,,,,,,,,,,,,,,,,,,,,
tradeflow_baci,XGB full,lag2,XGBoost_tradeflow_baci,3276,910,2.3145486970822513,1.6895039453502194,0.4253908859177844,0.79572266,0.50820327,0.39145824,0.049857486,0.017793829,0.98602587,0.5502756,0.66445106,0.07359486,0.05709047,0.0073206066,0.044054743,0.09250054,0.033604693,0.028518671,0.052551396,0.010786371,0.046466477,4.4642067e-05,0.02896587,0.060631573,0.044930935,0.024484262,0.030726502,0.034960493,0.056469012,0.04239233,0.019165937,0.019846523,0.028300013,0.018259818,0.010920647,0.021560267,0.057030417
tradeflow_comtrade_o,RF basic,lag2,RandomForest_tradeflow_comtrade_o,3276,910,1.9326103690181893,1.3949379333904628,0.47090189161892737,1.1103207306069234,0.3833804143504487,0.38614165697900077,0.0843309625713351,0.054465032430054426,0.6426900429692612,0.5087525808665432,0.4962122665669757,,,,,,,,,,,,,,,,,,,,,,,,,,
tradeflow_comtrade_o,RF full,lag2,RandomForest_tradeflow_comtrade_o,3276,910,2.036964586225505,1.5138095924817978,0.41222033714927586,0.6029052991964917,0.2598933169281485,0.34870223715357873,0.047246673121490314,0.027069817560246814,0.41059035704878644,0.47547250437811617,0.5035542337884156,0.08159773156265303,0.06659675591051065,0.01495052313458557,0.023567168789822943,0.1316507328850861,0.014138862622566572,0.10278928388032273,0.06189231789145455,0.01979765196074411,0.04238698544762889,6.989511756435214e-05,0.013017676140472252,0.050910574562177624,0.09349020173587602,0.05336578343702013,0.02203184568351627,0.07303816323628523,0.039812706357662445,0.04043307030216239,0.00991465032255724,0.02932300516870239,0.0327808159103618,0.023650326729208592,0.01906857633113649,0.020123242546331802,0.03618566816362226
tradeflow_comtrade_o,MLP basic,lag2,MLP_tradeflow_comtrade_o,3276,910,1.979784142880997,1.358233800621503,0.4447567583393449,2.6153172617530984,0.6072535550196969,0.36450571794972686,0.05916032385537625,0.04900069508646493,0.9196499359940307,0.468103455256919,0.31311207108925704,,,,,,,,,,,,,,,,,,,,,,,,,,
tradeflow_comtrade_o,MLP full,lag2,MLP_tradeflow_comtrade_o,3276,910,4.914660332747834,3.2612767866669485,-2.4216423592897853,1.840526371162953,0.626690286670957,0.07696457414990436,0.0823652945590218,0.21893833924045608,1.1596843713366702,0.35278995508189875,0.45462079777774245,0.7048792235192762,0.12840234638341302,0.07019970959777097,0.023849544803341304,0.03387663134841255,0.035764792887302506,0.0957679262881696,0.06004801606113113,0.06584209973414672,0.11876505406828347,0.019784362682943514,0.0525495076319183,0.08544054090503991,0.02742111739480435,0.13232433059187035,0.04653291881013554,0.23146533519722923,0.22871908178104264,0.0035164551663926093,0.05234643618927123,0.20613343516248617,0.04516701394479147,0.07488768746227283,0.08783590854628091,0.12431764521480365,0.04008975837734475
tradeflow_comtrade_o,XGB basic,lag2,XGBoost_tradeflow_comtrade_o,3276,910,1.9490337106315976,1.4225661315609879,0.4618711204930036,1.1830195,0.26492995,0.37930664,0.09042588,0.023301993,0.8139938,0.66791546,0.548116,,,,,,,,,,,,,,,,,,,,,,,,,,
tradeflow_comtrade_o,XGB full,lag2,XGBoost_tradeflow_comtrade_o,3276,910,1.9940460376357467,1.4624861201912325,0.43672826356013517,0.8275248,0.26669687,0.39119977,0.0793639,0.015338525,0.7266262,0.6253429,0.54371244,0.06741284,0.05958659,0.013852812,0.037416033,0.1374319,0.029866794,0.05164891,0.052041825,0.012237631,0.050080013,2.6033355e-05,0.021087736,0.024233866,0.08950876,0.028615568,0.028935332,0.11435819,0.07308762,0.053289644,0.016540566,0.022322027,0.025635742,0.018501006,0.014301227,0.039836884,0.072513476
tradeflow_comtrade_d,RF basic,lag2,RandomForest_tradeflow_comtrade_d,3276,910,2.14244183694075,1.5002979953471132,0.4054293392352697,1.2469194415482605,0.8594701208830121,0.17060817137816586,0.06270223913883123,0.05384181245155388,0.7775092707410304,0.23139035101123387,0.35917555756645353,,,,,,,,,,,,,,,,,,,,,,,,,,
tradeflow_comtrade_d,RF full,lag2,RandomForest_tradeflow_comtrade_d,3276,910,2.2119455072028953,1.6878237140457883,0.36622625895580563,0.660051785563601,0.6883377609351049,0.17111568100169328,0.05210141812867416,0.039415290480575085,0.6014054232179628,0.13343645659784112,0.30316779011057116,0.08962237246782717,0.04192937609494591,0.011630390232543548,0.023023240777444394,0.043062990492218324,0.012927401149716133,0.06681189835886552,0.05567298928723286,0.027718855301316746,0.036493745591196905,0.0009732766500523501,0.03256438130858212,0.1221915058227588,0.08324431736729976,0.04253191249936765,0.03878913655062732,0.04269334150550469,0.03139042177835928,0.03968495965361742,0.015380269712257129,0.029638835735370656,0.03134315089697613,0.0566164985435338,0.018863289054519245,0.023550849945330528,0.03688508565435782
tradeflow_comtrade_d,MLP basic,lag2,MLP_tradeflow_comtrade_d,3276,910,2.088814258632807,1.4402474532918803,0.434822269980664,1.4545086482666456,1.580804371408437,0.28629652914829834,0.08696887368774006,0.04963130289607542,0.4513696991214682,1.0413734789931155,0.22052759593195104,,,,,,,,,,,,,,,,,,,,,,,,,,
tradeflow_comtrade_d,MLP full,lag2,MLP_tradeflow_comtrade_d,3276,910,4.982597598807313,3.3723959732761455,-2.2158591777639334,1.4177816054239536,1.7222295174551785,0.07823762296306849,0.1204680312569309,0.10813701833327877,0.35465105097696165,1.31136966726449,0.16823002496325953,0.021537626634843612,0.028827471383415713,0.08316359571305726,0.07135794426110013,0.14476913380145684,0.06954356123952629,0.0455462453777643,0.07407550906783718,0.01986393876646513,0.14508217213776467,0.02094652756597392,0.12157457015918373,0.11904471194849613,0.021294276268512328,0.06171310571102843,0.10892501296677141,0.06363319071357285,0.11046532532854396,0.11841832929001173,0.05681755744069165,0.09222015354005923,0.030811587502674983,0.06012194399697019,0.05948666035526625,0.08031651679145997,0.17114339780142848
tradeflow_comtrade_d,XGB basic,lag2,XGBoost_tradeflow_comtrade_d,3276,910,2.1411091689256607,1.5262599205202323,0.40616879348812207,1.132818,0.9614317,0.20271346,0.06564098,0.04063284,1.0181966,0.3705254,0.4164844,,,,,,,,,,,,,,,,,,,,,,,,,,
tradeflow_comtrade_d,XGB full,lag2,XGBoost_tradeflow_comtrade_d,3276,910,2.1721033867470325,1.5495017609223531,0.38885202161873267,0.81806237,0.95423347,0.18820944,0.06516718,0.031734686,1.0989418,0.31988704,0.40012342,0.08066741,0.04719467,0.014782933,0.05060414,0.04421424,0.01566575,0.028791685,0.028640153,0.009235994,0.030946111,0.0,0.0342472,0.02684935,0.0447213,0.024332017,0.037471328,0.018658819,0.0434727,0.03864504,0.014536783,0.024252245,0.02328832,0.0447316,0.017366588,0.016660418,0.045049455
tradeflow_imf_o,RF basic,lag2,RandomForest_tradeflow_imf_o,3276,910,2.106715282101267,1.5030530340142874,0.49283048853895683,1.2841475853264543,0.40213850965587805,0.35048769757673487,0.13539206219186345,0.07453810890708838,0.7411937539720472,0.4308382791820873,0.43428113241501703,,,,,,,,,,,,,,,,,,,,,,,,,,
tradeflow_imf_o,RF full,lag2,RandomForest_tradeflow_imf_o,3276,910,2.1864984642126255,1.6677853522059418,0.4536891825792744,0.6709948396212101,0.3007517829768466,0.31262586725914293,0.10881952636245597,0.04642592561234408,0.543205342860754,0.3610830503264456,0.3898370948051747,0.10948561584224288,0.04598368332550887,0.022910368083484824,0.026364683952453793,0.05253903322952811,0.016254781991792318,0.09227596097795215,0.06693892607053858,0.02908166880735007,0.04021927294296464,0.0001329201901870048,0.013205083425313832,0.11099718553208315,0.07902871253185838,0.06639107204652345,0.022287373653520747,0.07762083346351441,0.0275661938402675,0.04567024751561701,0.012134297756395539,0.040529399539071156,0.028316240150015274,0.02767548292063735,0.027463677274534345,0.01989610959809744,0.03275472976891815
tradeflow_imf_o,MLP basic,lag2,MLP_tradeflow_imf_o,3276,910,2.3297153940394373,1.5977644493553746,0.37977797375990197,2.312985500322182,0.8640737324107054,0.43676083336242616,0.2372482063835426,0.06312882224042642,1.195919438380928,0.23103513491837388,0.23069408671760644,,,,,,,,,,,,,,,,,,,,,,,,,,
tradeflow_imf_o,MLP full,lag2,MLP_tradeflow_imf_o,3276,910,4.7359092209661755,3.257055412655912,-1.5629975143844543,1.6309351045317222,0.6278042096502493,0.11943996096976449,0.22683339029394986,0.051595347148141325,0.9416045478774714,0.34165491791977304,0.39857592642945755,0.19936307381837065,0.010716309298389277,0.057195798177828966,0.03202411775304104,0.0508499537105912,0.06751608117259353,0.06605389429313471,0.1353893723658941,0.04515446624177893,0.11547756452417293,0.01520084872152246,0.03745499880691965,0.01749649566109949,0.058537092975752096,0.139969905532699,0.020251584821014783,0.06555754580253428,0.1804402891068435,0.11171641941498905,0.08204366186605581,0.03440942637946183,0.0477181726660322,0.0383000020861473,0.19402753003554857,0.10033313356172834,0.10410811303086855
tradeflow_imf_o,XGB basic,lag2,XGBoost_tradeflow_imf_o,3276,910,2.1334444295906674,1.5368596340476155,0.4798793255378696,1.3391328,0.32321358,0.32931805,0.12944032,0.034418546,0.9254195,0.5707629,0.5458421,,,,,,,,,,,,,,,,,,,,,,,,,,
tradeflow_imf_o,XGB full,lag2,XGBoost_tradeflow_imf_o,3276,910,2.211858540587315,1.6444510112137136,0.4409429311491765,0.9823328,0.32815635,0.33409533,0.10570697,0.028045606,0.958232,0.51156,0.5563303,0.076848574,0.06276637,0.02379805,0.03685644,0.08113284,0.045069423,0.02827892,0.050765533,0.009256367,0.036480743,7.8697725e-05,0.027665822,0.027645154,0.039949704,0.02226953,0.03135901,0.07572711,0.051286068,0.026461344,0.013268294,0.012756953,0.014648796,0.010338979,0.015055036,0.020179287,0.06312316
tradeflow_imf_d,RF basic,lag2,RandomForest_tradeflow_imf_d,3276,910,2.223269488471007,1.5421784115086925,0.4217113301682204,1.1943232447732268,0.9062203880902361,0.19893835693144893,0.07603835327700673,0.06813984207797595,0.7299391807012782,0.29068051711384196,0.36440802336645955,,,,,,,,,,,,,,,,,,,,,,,,,,
tradeflow_imf_d,RF full,lag2,RandomForest_tradeflow_imf_d,3276,910,2.3141084174476676,1.8084343302522738,0.37349019556730556,0.5972104598093331,0.7520018819339654,0.15140425912376287,0.05261978453736285,0.05028810513528878,0.5629669304403003,0.20744928621033407,0.3485946329573934,0.09237762193641468,0.045410940854223286,0.008429064921739489,0.02279374487320764,0.038102703818637236,0.018904326434077003,0.07570136461235086,0.05156813898865946,0.025443806743162312,0.03978987639315315,0.00015666150382908142,0.026481192697414856,0.10569655280898953,0.07946219734195639,0.040410016907466505,0.028659676874598097,0.04291192956686828,0.026197579343959162,0.03723865876551468,0.019395432759275053,0.024412598680728825,0.019073252363173216,0.07366948847435394,0.017491448231442344,0.020552425614009637,0.03274976635466704
tradeflow_imf_d,MLP basic,lag2,MLP_tradeflow_imf_d,3276,910,2.3316071644684597,1.6337396965725635,0.36397933010471384,1.9500091787136122,1.4975232314770515,0.15180999802485323,0.16497298912345673,0.22554016517427558,0.22693977461798548,1.1921073648851668,0.28620176122200647,,,,,,,,,,,,,,,,,,,,,,,,,,
tradeflow_imf_d,MLP full,lag2,MLP_tradeflow_imf_d,3276,910,4.191611513437591,3.005939470296047,-1.0555238340889992,1.6585060127766045,1.4467972147218209,0.04887651239494196,0.11093816373752056,0.0837866170873606,0.2592689954382097,0.9409975992889235,0.2814752884524333,0.22510732877234643,0.006024604120409753,0.04847790182102519,0.020991262835277434,0.05010866934523239,0.016781001993298884,0.04001856224107643,0.2259779887889226,0.03459301723662078,0.14369615729390367,0.0013104639695582286,0.017816345607566297,0.1738834903656017,0.015033494729354772,0.05495687919987149,0.08401743366178403,0.16529305041073228,0.05210254778370379,0.18118808326362784,0.041215710402229634,0.030222841831534987,0.04208935010858228,0.01601851951084999,0.013060760267296218,0.07201872103273828,0.11997274579337733
tradeflow_imf_d,XGB basic,lag2,XGBoost_tradeflow_imf_d,3276,910,2.196026062339486,1.5512125532398415,0.43579692650168755,1.1749483,1.0460157,0.1654469,0.07030602,0.0511217,0.9053575,0.4146262,0.53459626,,,,,,,,,,,,,,,,,,,,,,,,,,
tradeflow_imf_d,XGB full,lag2,XGBoost_tradeflow_imf_d,3276,910,2.3211346102517814,1.6803289592473043,0.36967994935559045,0.8626611,1.0698994,0.1419576,0.07504439,0.03455521,0.9992539,0.346113,0.53628355,0.09252952,0.07157772,0.011420842,0.032916784,0.039477535,0.014206463,0.034139756,0.039826002,0.006990705,0.031115685,5.592167e-05,0.025268273,0.028707739,0.03983648,0.027062159,0.028419204,0.028007748,0.05892684,0.039678916,0.01226914,0.015076136,0.018438876,0.031208308,0.014775461,0.018462718,0.030938495
combined_trade_baci,RF basic,lag2,RandomForest_combined_trade_baci,3276,910,1.5401585990826572,1.0897034587518173,0.5966090182292269,0.6648370467401494,0.6605012083864347,0.339736712445851,0.07327432514508671,0.04396375219212472,0.6190971979420684,0.5884523942311485,0.5225044456652821,,,,,,,,,,,,,,,,,,,,,,,,,,
combined_trade_baci,RF full,lag2,RandomForest_combined_trade_baci,3276,910,1.6394271056169176,1.1863190673023298,0.5429333674340393,0.3791631945410454,0.5284754583649471,0.30332916971626683,0.05020398728829128,0.03191904849848127,0.4511224888189481,0.5867843699938458,0.4861098046520075,0.06161234958397665,0.02655810201788346,0.007654144531922468,0.017612259860639877,0.04375112429192208,0.011635793056492387,0.04747254371745719,0.033038054946546554,0.017325030256062763,0.023295099918773408,0.00023948206414617655,0.01369139631035398,0.08637272414575634,0.05525193612096808,0.027052177490805046,0.017065682148383783,0.02792894291189374,0.021419201123018462,0.023629506967422026,0.00706202229337807,0.02621174959907258,0.015602472369610473,0.023101112168975223,0.01472235934703823,0.010852255807582955,0.023351237600845013
combined_trade_baci,MLP basic,lag2,MLP_combined_trade_baci,3276,910,1.5914814420065149,1.1309697602194375,0.569276613846895,0.9192257308366236,1.049455418911776,0.2761913879669535,0.055944086966304124,0.08970041490755813,0.6674722387217937,0.5579819786934883,0.4836536489939812,,,,,,,,,,,,,,,,,,,,,,,,,,
combined_trade_baci,MLP full,lag2,MLP_combined_trade_baci,3276,910,5.016347218840606,3.091911836169261,-3.279277735821446,0.8054708863387624,0.8795072006817516,0.14047847045478262,0.0750585249207373,0.0351357126672292,0.5474185219521159,0.8687759650481481,0.47944407956874674,0.1074370539490501,0.06584180398011312,0.03590177996031222,0.1053778033481659,0.02151239405381939,0.04106746683583011,0.06937844607864681,0.22149565093859744,0.01810508533959997,0.047304541397630094,0.02073546768173818,0.16513988250523298,0.0036611737624520665,0.15728125289584113,0.03995592210661742,0.023335562019348388,0.08104912137206677,0.0840805668339256,0.1303303461457984,0.05047828763255561,0.04826585954934203,0.037807242164720915,0.006964538854681686,0.024970607620283924,0.0843201886936676,0.10523935601358464
combined_trade_baci,XGB basic,lag2,XGBoost_combined_trade_baci,3276,910,1.5947073441867485,1.1076277785043904,0.5675287081664009,0.54252213,0.5277626,0.3018432,0.044751726,0.029970123,0.7308519,0.79856014,0.6383166,,,,,,,,,,,,,,,,,,,,,,,,,,
combined_trade_baci,XGB full,lag2,XGBoost_combined_trade_baci,3276,910,1.648610588779021,1.1556588206037322,0.5377983784448678,0.40094975,0.53772765,0.27236354,0.050650246,0.036592107,0.7486805,0.7977298,0.6453974,0.046883017,0.037916705,0.008330231,0.020457894,0.05286619,0.02582661,0.022896765,0.018419895,0.0074451105,0.023773627,0.0,0.012979685,0.044818413,0.037437063,0.024573794,0.012338926,0.037799962,0.0420383,0.033587474,0.011894913,0.011435263,0.0143131735,0.010815772,0.013083896,0.013368459,0.048724383
